{
    "epoch": 3.0,
    "eval_accuracy": 0.5924755930900574,
    "eval_loss": 0.6856558322906494,
    "eval_runtime": 16.9494,
    "eval_samples": 3482,
    "eval_samples_per_second": 205.435,
    "eval_steps_per_second": 25.724
}