{
    "epoch": 3.0,
    "eval_accuracy": 0.5936243534088135,
    "eval_loss": 0.674358606338501,
    "eval_runtime": 5.5671,
    "eval_samples": 3482,
    "eval_samples_per_second": 625.464,
    "eval_steps_per_second": 78.318
}