{
    "eval_accuracy": 0.5924755930900574,
    "eval_loss": 0.6856558322906494,
    "eval_runtime": 15.4924,
    "eval_samples": 3482,
    "eval_samples_per_second": 224.756,
    "eval_steps_per_second": 28.143
}